{
    "categories": [
        {
            "name": "Portraits",
            "images": [
                "https://images.pexels.com/photos/762020/pexels-photo-762020.jpeg?auto=compress&cs=tinysrgb&w=1260&h=750&dpr=1",
                "https://images.pexels.com/photos/27155552/pexels-photo-27155552/free-photo-of-beautiful-indian-bride-with-traditional-dresses-and-makeup.jpeg?auto=compress&cs=tinysrgb&w=1260&h=750&dpr=1",
                "https://images.pexels.com/photos/1438461/pexels-photo-1438461.jpeg?auto=compress&cs=tinysrgb&w=1260&h=750&dpr=1"
            ],
            "link": "portraits.html"
        },
        {
            "name": "Landscape",
            "images": [
                "https://images.pexels.com/photos/28656057/pexels-photo-28656057/free-photo-of-scenic-landscape-of-hampi-with-lush-fields-and-hills.jpeg?auto=compress&cs=tinysrgb&w=1260&h=750&dpr=1",
                "https://images.pexels.com/photos/28628507/pexels-photo-28628507/free-photo-of-serene-forest-stream-in-almora-india.jpeg?auto=compress&cs=tinysrgb&w=1260&h=750&dpr=1",
                "https://images.pexels.com/photos/2961109/pexels-photo-2961109.jpeg?auto=compress&cs=tinysrgb&w=1260&h=750&dpr=1"
            ],
            "link": "landscape.html"
        }
    ]
}
