{
    "events": [
        {
            "title": "Photography Workshop",
            "date": "October 5, 2024",
            "description": "Join us for an intensive photography workshop. Learn advanced techniques and get hands-on experience with professional photographers.",
            "buttonText": "Sign up"
        },
        {
            "title": "Nature Photography Walk",
            "date": "November 12, 2024",
            "description": "Explore the beauty of nature through your lens. This guided walk will help you capture stunning landscapes and wildlife.",
            "buttonText": "Join now"
        }
    ],
    "galleryImages": [
        "https://images.pexels.com/photos/1105666/pexels-photo-1105666.jpeg?auto=compress&cs=tinysrgb&w=1260&h=750&dpr=1",
        "3.jfif",
        "https://images.pexels.com/photos/860707/pexels-photo-860707.jpeg?auto=compress&cs=tinysrgb&w=1260&h=750&dpr=1",
        "2.jfif",
        "https://images.pexels.com/photos/164829/pexels-photo-164829.jpeg?auto=compress&cs=tinysrgb&w=1260&h=750&dpr=1",
        "1.jfif",
        "https://images.pexels.com/photos/2635390/pexels-photo-2635390.jpeg?auto=compress&cs=tinysrgb&w=600",
        "https://images.pexels.com/photos/7686304/pexels-photo-7686304.jpeg?auto=compress&cs=tinysrgb&w=600",
        "https://images.pexels.com/photos/745045/pexels-photo-745045.jpeg?auto=compress&cs=tinysrgb&w=600"
    ]
}
